TITLE,NAME,GPIO OEN,GPIO Out,GPIO In,Always On JTAG,Always On Remote,Always On UART,UART PMIC,Always On I2C-Master,Always On I2C-Slave,Audio In,Audio OUT,FEC-A (in),FEC-B (in),FEC-C (in),FEC OUT,Encoder,PWM,VGHL/LED_BL,mLVDS,TCON,HDMI,LCD OUT,LCD IN,VGA,UART-A,UART-B,UART-C,SDIO-A,SDIO-B,SDIO-C,SDXC,I2C Master,I2C SLAVE,SPI,Ethernet,ITU601 In,ISO7816,PCM,NAND,NAND,Clock Out,WD GPIO,Production
REG_ADDR,REG 0x202c,AO_REG 0x14,0x200c,0x200d,0x200e,0xc8100024 ,0xc8100026 ,0xc8100028 ,0x2008,0x2009,0x200a,,,,,,,,,,,,,,,,,,,,,,,,,,,,,,,,,
ALIAS_GPIO_BASE,0x200c P_GPIO_OEN 3 6 CBUS_REG_ADDR,0x200d P_GPIO_OUT 3 6 CBUS_REG_ADDR,0x200e P_GPIO_IN 3 6 CBUS_REG_ADDR,0x2008 P_GPIO_OEN 6 CBUS_REG_ADDR,0x2009 P_GPIO_OUT 6 CBUS_REG_ADDR,0x200a P_GPIO_IN 6 CBUS_REG_ADDR,0xc8100024 P_GPIO_OEN AO AOBUS_REG_ADDR_MASK,0xc8100026 P_GPIO_OUT AO  AOBUS_REG_ADDR_MASK,0xc8100028 P_GPIO_IN AO  AOBUS_REG_ADDR_MASK,,,,,,,,,,,,,,,,,,,,,,,,,,,,,,,,,,,,
ALIAS_PINMUX,REG P_PIN_MUX_REG 1 10 CBUS_REG_ADDR,AO_REG P_PIN_MUX_REG AO AOBUS_REG_ADDR,,,,,,,,,,,,,,,,,,,,,,,,,,,,,,,,,,,,,,,,,,
,,,,,,,,,,,,,,,,,,,,,,,,,,,,,,,,,,,,,,,,,,,,
MODULE,,,,,,,,,,,,,,,,,,,,,,,,,,,,,,,,,,slave,,,,,,,,,,
PAD,GPIOZ_0,0x2008 bit[0],0x2009 bit[0],0x200a bit[0],,,,,,,,,,,,,,,,,,,,,,,,,,,,,,,,,UART_TX_A REG4[13],,,,,,,
PAD,GPIOZ_1,0x2008 bit[1],0x2009 bit[1],0x200a bit[1],,,,,,,,,,,,,,,,,,,,,,,,,,,,,,,,,UART_RX_A REG4[12],,,,,,,
PAD,GPIOZ_2,0x2008 bit[2],0x2009 bit[2],0x200a bit[2],,,,,,,,,,,,,,,,,,,,,,,,,,,,,,,,,UART_CTS_A REG4[11],,,,,,,
PAD,GPIOZ_3,0x2008 bit[3],0x2009 bit[3],0x200a bit[3],,,,,,,,,,,,,,,,,,,,,,,,,,,,,,,,,UART_RTS_A REG4[10],,,,,,,
PAD,GPIOZ_4,0x2008 bit[4],0x2009 bit[4],0x200a bit[4],,,,,,,,,,,,,,,,,,,,,,,,,,,,,,,,,UART_TX_B REG4[9],,,,,,,
PAD,GPIOZ_5,0x2008 bit[5],0x2009 bit[5],0x200a bit[5],,,,,,,,,,,,,,,,,,,,,,,,,,,,,,,,,UART_RX_B REG4[8],,,,,,,
PAD,GPIOZ_6,0x2008 bit[6],0x2009 bit[6],0x200a bit[6],,,,,,,,,,,,,,,,,,,,,,,,,,,,,,,,,I2C_SDA_A REG5[31],,I2C_SDA_SLAVE REG5[29],,,,,
PAD,GPIOZ_7,0x2008 bit[7],0x2009 bit[7],0x200a bit[7],,,,,,,,,,,,,,,,,,,,,,,,,,,,,,,,,I2C_SCK_A REG5[30],,I2C_SCK_SLAVE REG5[28],,,,,
PAD,GPIOZ_8,0x2008 bit[8],0x2009 bit[8],0x200a bit[8],,,,,,,,,,,,,,,,,,,,,,,,,,,,,,,,,I2C_SDA_B REG5[27],,I2C_SDA_SLAVE REG5[25],,,,,
PAD,GPIOZ_9,0x2008 bit[9],0x2009 bit[9],0x200a bit[9],,,,,,,,,,,,,,,,,,,,,,,,,,,,,,,,,I2C_SCK_B REG5[26],,I2C_SCK_SLAVE REG5[24],,,,,
PAD,GPIOZ_10,0x2008 bit[10],0x2009 bit[10],0x200a bit[10],,,,,,,,,,,,,,,,,,,,,,,,,,,,,,,,,PCM_OUT REG4[25],,SPI_SS0 REG8[16],,I2S_IN_CH01 REG8[30],,,
PAD,GPIOZ_11,0x2008 bit[11],0x2009 bit[11],0x200a bit[11],,,,,,,,,,,,,,,,,,,,,,,,,,,,,,,,,PCM_IN REG4[24],,SPI_SCLK REG8[15],,I2S_OUT_CH67 REG8[29],,,
PAD,GPIOZ_12,0x2008 bit[12],0x2009 bit[12],0x200a bit[12],,,,,,,,,,,,,,,,,,,,,,,,,,,,,,,,,,PCM_FS REG4[23],,SPI_MOSI REG8[14],,I2S_OUT_CH45 REG8[28],CLK_OUT0 REG9[12],
PAD,GPIOZ_13,0x2008 bit[13],0x2009 bit[13],0x200a bit[13],,,,,PCM_CK REG4[22],,SPI_MISO REG8[13],,I2S_OUT_CH23 REG8[27],,,,,,,,,,,,,,,,,,,,,,,,,,,,,,,
PAD,GPIOZ_14,0x2008 bit[14],0x2009 bit[14],0x200a bit[14],,,,,SPI_SS1 REG8[12],,I2S_OUT_CH01 REG8[26],,,,,,,,,,,,,,,,,,,,,,,,,,,,,,,,,
PAD,GPIOZ_15,0x2008 bit[15],0x2009 bit[15],0x200a bit[15],,,,,,SPI_SS2 REG8[18],,I2S_IN_LR_CLK REG8[24],,I2S_OUT_LR_CLK REG8[25],,,,,,,,,,,,,,,,,,,,,,,,,,,,,,
PAD,GPIOZ_16,0x2008 bit[16],0x2009 bit[16],0x200a bit[16],,,,,,SPI_RDYn REG8[17],I2S_IN_AO_CLK REG8[22],I2S_OUT_AO_CLK REG8[23],,,,,,,,,,,,,,,,,,,,,,,,,,,,,,,,
PAD,GPIOZ_17,0x2008 bit[17],0x2009 bit[17],0x200a bit[17],,,,,,,,I2S_OUT_AM_CLK REG8[21],,,,,,,,,,,,,,,,,,,,,,,,,,,,,,,,
PAD,GPIOZ_18,0x2008 bit[18],0x2009 bit[18],0x200a bit[18],,,,,,,,SPDIF_IN REG3[24],,,,,,,,,,,,,,,,,,,,,,,,,,,,,,,,
PAD,GPIOZ_19,0x2008 bit[19],0x2009 bit[19],0x200a bit[19],,,,,,,,SPDIF_OUT REG3[23],,PWM_VS REG7[28],,PWM_D REG3[26],,,,,,,,,,,,,,,,,,,,,,,,,,,,
PAD,GPIOY_0,0x2012 bit[0],0x2013 bit[0],0x2014 bit[0],,,,,,,,,,,,,,,,,,,,,,,,,,,,,,,,REF_CLK_IN REG6[31] REF_CLK_OUT REG6[30],,TCON_STH2 REG6[4],,,,,,
PAD,GPIOY_1,0x2012 bit[1],0x2013 bit[1],0x2014 bit[1],,,,,,,,,,,,,,,,,,,,,,,,,,,,,,,,RMII_TX_CLK REG6[18],,TCON_CPV2 REG6[3],,,,,,
PAD,GPIOY_2,0x2012 bit[2],0x2013 bit[2],0x2014 bit[2],,,,,,,,,,,,,,,,,,,,,,,,,,,,,,,,RMII_TX_EN REG6[17],,TCON_STV2 REG6[2],,,,,,
PAD,GPIOY_3,0x2012 bit[3],0x2013 bit[3],0x2014 bit[3],,,,,,,,,,,,,,,,,,,,,,,,,,,,,,,,RMII_TX_DATA3 REG6[16],,TCON_OEV2 REG6[1],,,,,,
PAD,GPIOY_4,0x2012 bit[4],0x2013 bit[4],0x2014 bit[4],,,,,,,,,,,,,,,,,,,,,,,,,,,,,,,,RMII_TX_DATA2 REG6[15],,TCON_OEV3 REG6[0],,,,,,
PAD,GPIOY_5,0x2012 bit[5],0x2013 bit[5],0x2014 bit[5],,,,,,,,,,,,,,,,,,,,,,,,,,,,,,,,RMII_TX_DATA1 REG6[14],,,,,,,,
PAD,GPIOY_6,0x2012 bit[6],0x2013 bit[6],0x2014 bit[6],,,,,,,,,,,,,,,,,,,,,,,,,,,,,,,,RMII_TX_DATA0 REG6[13],,,,,,,,
PAD,GPIOY_7,0x2012 bit[7],0x2013 bit[7],0x2014 bit[7],,,,,,,,,,,,,,,,,,,,,,,,,,,,,,,,RMII_RX_CLK REG6[12],,,,,,,,
PAD,GPIOY_8,0x2012 bit[8],0x2013 bit[8],0x2014 bit[8],,,,,,,,,,,,,,,,,,,,,,,,,,,,,,,,RMII_RX_DV REG6[11],,,,,,,,
PAD,GPIOY_9,0x2012 bit[9],0x2013 bit[9],0x2014 bit[9],,,,,,,,,,,,,,,,,,,,,,,,,,,,,,,,RMII_RX_DATA3 REG6[10],,,,,,,,
PAD,GPIOY_10,0x2012 bit[10],0x2013 bit[10],0x2014 bit[10],,,,,,,,,,,,,,,,,,,,,,,,,,,,,,,,RMII_RX_DATA2 REG6[9],,,,,,,,
PAD,GPIOY_11,0x2012 bit[11],0x2013 bit[11],0x2014 bit[11],,,,,,,,,,,,,,,,,,,,,,,,,,,,,,,,RMII_RX_DATA1 REG6[8],,,,,,,,
PAD,GPIOY_12,0x2012 bit[12],0x2013 bit[12],0x2014 bit[12],,,,,,,,,,,,,,,,,,,,,,,,,,,,,,,,RMII_RX_DATA0 REG6[7],,,,,,,,
PAD,GPIOY_13,0x2012 bit[13],0x2013 bit[13],0x2014 bit[13],,,,,,,,,,,,,,,,,,,,,,,,,,,,,,,,RMII_MDIO REG6[6],,,,,,,,
PAD,GPIOY_14,0x2012 bit[14],0x2013 bit[14],0x2014 bit[14],,,,,,,,,,,,,,,,,,,,,,,,,,,,,,,,RMII_MDC REG6[5],,,,,,,,
PAD,GPIOY_15,0x2012 bit[15],0x2013 bit[15],0x2014 bit[15],,,,,,,,,,,,,,,,,,,,,,,,,,,,,,,,,,,,,,,,
PAD,GPIOY_16,0x2012 bit[16],0x2013 bit[16],0x2014 bit[16],,,,,,,,,,,,,,,,,,,,,,,,,,,,,,,,,,,,,,,,
PAD,GPIOY_17,0x2012 bit[17],0x2013 bit[17],0x2014 bit[17],,,,,,,,,,,,,,,,,,,,,,,,,,,,,,,,,,,,,,,,
PAD,GPIOY_18,0x2012 bit[18],0x2013 bit[18],0x2014 bit[18],,,,,,,,,,,,,,,,,,,,,DEMOD_RF_AGC REG9[1],,,,,,,,,,,,,,,,,,,
PAD,GPIOY_19,0x2012 bit[19],0x2013 bit[19],0x2014 bit[19],,,,,,,,,,,,,,,,,,,,,DEMOD_IF_AGC REG9[0],,,,,,,,,,,,,,,,,,,
PAD,GPIOY_20,0x2012 bit[20],0x2013 bit[20],0x2014 bit[20],,,,,,,,,,,,,,,,,,,,,VGA_SCL1 REG9[10],,PWM_VS REG7[27],,SPI_SS0 REG2[31],,,,,,,,,,,,,,,
PAD,GPIOY_21,0x2012 bit[21],0x2013 bit[21],0x2014 bit[21],,,,,,,,,,,,,,,,,,,,,VGA_SDA1 REG9[9],,PWM_VS REG7[26],,SPI_SS1 REG2[30],,,,,,,,,,,,,,,
PAD,GPIOY_22,0x2012 bit[22],0x2013 bit[22],0x2014 bit[22],,,,,,,,,,,,,,,,,,,,,VGA_VSYNC1 REG9[8],,PWM_VS REG7[25],,SPI_SS2 REG2[29],,,,,,,,,,,,,,,
PAD,GPIOY_23,0x2012 bit[23],0x2013 bit[23],0x2014 bit[23],,,,,,,,,,,,,,,,,,,,,VGA_HSYNC1 REG9[7],,PWM_VS REG7[24],,SPI_SS3 REG2[28],,,,,,,,,,,,,,,
PAD,GPIOY_24,0x2012 bit[24],0x2013 bit[24],0x2014 bit[24],,,,,,,,,,,,,,,,,,,,,VGA_SCL0 REG9[6],,,,,,,,,,,,,,,,,,,
PAD,GPIOY_25,0x2012 bit[25],0x2013 bit[25],0x2014 bit[25],,,,,,,,,,,,,,,,,,,,,VGA_SDA0 REG9[5],,,,,,,,,,,,,,,,,,,
PAD,GPIOY_26,0x2012 bit[26],0x2013 bit[26],0x2014 bit[26],,,,,,,,,,,,,,,,,,,,,VGA_VSYNC0 REG9[4],,,,,,,,,,,,,,,,,,,
PAD,GPIOY_27,0x2012 bit[27],0x2013 bit[27],0x2014 bit[27],,,,,,,,,,,,,,,,,,,,,VGA_HSYNC0 REG9[3],,,,,,,,,,,,,,,,,,,
PAD,GPIOW_0,0x201b bit[0],0x201c bit[0],0x201d bit[0],,,,,,,,,,,,,,HDMIRX_5V_A REG0[27],DEMOD_ADC_O_0 REG8[9],,,,,,DEMOD_ADC_I_0 REG8[10],,,,,,,,,,,,,,,,,,,
PAD,GPIOW_1,0x201b bit[1],0x201c bit[1],0x201d bit[1],,,,,,,,,,,,,,HDMIRX_HPD_A REG0[26],DEMOD_ADC_O_1 REG8[9],,,,,,DEMOD_ADC_I_1 REG8[10],,,,,,,,,,,,,,,,,,,
PAD,GPIOW_2,0x201b bit[2],0x201c bit[2],0x201d bit[2],,,,,,,,,,,,,,,,HDMIRX_SCL_A REG0[25],DEMOD_ADC_O_2 REG8[9],,DEMOD_ADC_I_2 REG8[10],,,,,,,,,,,,,,,,,,,,,
PAD,GPIOW_3,0x201b bit[3],0x201c bit[3],0x201d bit[3],,,,,,,,,,,,,,,,HDMIRX_SDA_A REG0[24],DEMOD_ADC_O_3 REG8[9],,DEMOD_ADC_I_3 REG8[10],,,,,,,,,,,,,,,,,,,,,
PAD,GPIOW_4,0x201b bit[4],0x201c bit[4],0x201d bit[4],,,,,,,,,,,,,,,,HDMIRX_5V_B REG0[23],DEMOD_ADC_O_4 REG8[9],,DEMOD_ADC_I_4 REG8[10],,,,,,,,,,,,,,,,,,,,,
PAD,GPIOW_5,0x201b bit[5],0x201c bit[5],0x201d bit[5],,,,,,,,,,,,,,,,HDMIRX_HPD_B REG0[22],DEMOD_ADC_O_5 REG8[9],,DEMOD_ADC_I_5 REG8[10],,,,,,,,,,,,,,,,,,,,,
PAD,GPIOW_6,0x201b bit[6],0x201c bit[6],0x201d bit[6],,,,,,,,,,,,,,,,HDMIRX_SCL_B REG0[21],DEMOD_ADC_O_6 REG8[9],,DEMOD_ADC_I_6 REG8[10],,,,,,,,,,,,,,,,,,,,,
PAD,GPIOW_7,0x201b bit[7],0x201c bit[7],0x201d bit[7],,,,,,,,,,,,,,,,HDMIRX_SDA_B REG0[20],DEMOD_ADC_O_7 REG8[9],,DEMOD_ADC_I_7 REG8[10],,,,,,,,,,,,,,,,,,,,,
PAD,GPIOW_8,0x201b bit[8],0x201c bit[8],0x201d bit[8],,,,,,,HDMIRX_5V_C REG0[19],,,,,,,,,DEMOD_ADC_O_8 REG8[9],DEMOD_ADC_I_8 REG8[10],,,,,,,,,,,,,,,,,,,,,,,
PAD,GPIOW_9,0x201b bit[9],0x201c bit[9],0x201d bit[9],,,,,,,,HDMIRX_HPD_C REG0[18],,,,,DEMOD_ADC_O_9 REG8[9],DEMOD_ADC_I_9 REG8[10],,,,,,,,,,,,,,,,,,,,,,,,,,
PAD,GPIOW_10,0x201b bit[10],0x201c bit[10],0x201d bit[10],,,,,,,,,,,,,,,,,,HDMIRX_SCL_C REG0[17],,DEMOD_ADC_CLK_O REG8[9],,DEMOD_ADC_CLK_I REG8[10],,,,,,,,,,,,,,,,,,
PAD,GPIOW_11,0x201b bit[11],0x201c bit[11],0x201d bit[11],,,,,,,,,,,,,,,,,,HDMIRX_SDA_C REG0[16],,,,,,,,,,,,,,,,,,,,,,
PAD,GPIOW_12,0x201b bit[12],0x201c bit[12],0x201d bit[12],,,,,,,,,,,,,,,,,,HDMIRX_5V_D REG0[15],,,,,,,,,,,,,,,,,,,,,,
PAD,GPIOW_13,0x201b bit[13],0x201c bit[13],0x201d bit[13],,,,,,,,,,,,,,,,,,HDMIRX_HPD_D REG0[14],,,,,,,,,,,,,,,,,,,,,,
PAD,GPIOW_14,0x201b bit[14],0x201c bit[14],0x201d bit[14],,,,,,,,,,,,,,,,,,HDMIRX_SCL_D REG0[13],,,,,,,,,,,,,,,,,,,,,,
PAD,GPIOW_15,0x201b bit[15],0x201c bit[15],0x201d bit[15],,,,,,,,,,,,,,,,,,HDMIRX_SDA_D REG0[12],,,,,,,,,,,,,,,,,,,,,,
PAD,GPIOW_16,0x201b bit[16],0x201c bit[16],0x201d bit[16],,,,,,,,,,,,,,,,,,HDMIRX_CEC REG0[11],,,,,,,,,,,,,,,,,,,,,,
PAD,GPIOW_17,0x201b bit[17],0x201c bit[17],0x201d bit[17],,,,,,,,,,,,,,,,,,HDMIRX_TMDS_CLK REG1[2],,,,,,,,,,,,,,,,,,,,,,
PAD,GPIOW_18,0x201b bit[18],0x201c bit[18],0x201d bit[18],,,,,,,,,,,,,,,,,,HDMIRX_PIX_CLK REG1[1],,,,,,,,,,,,,,,,,,,,,,
PAD,GPIOW_19,0x201b bit[19],0x201c bit[19],0x201d bit[19],,,,,,,,,,,,,,,,,,HDMIRX_AUDMEAS_CLK REG1[0],,,,,,,,,,,,,,,,,,,,CLK_OUT1 REG3[22],,
PAD,GPIOX_0,0x2018 bit[0],0x2019 bit[0],0x201a bit[0],,,,,,,,,,,,,,,,,,,,,,,,,TCON_0 REG1[12],,,SDXC_D0_A REG5[14],,SD_D0_A REG8[5],,,,,,,,,,
PAD,GPIOX_1,0x2018 bit[1],0x2019 bit[1],0x201a bit[1],,,,,,,,,,,,,,,,,,,,,,,,,TCON_1 REG1[13],,,SDXC_D1_A REG5[13],,SD_D1_A REG8[4],,,,,,,,,,
PAD,GPIOX_2,0x2018 bit[2],0x2019 bit[2],0x201a bit[2],,,,,,,,,,,,,,,,,,,,,,,,,TCON_2 REG1[14],,,SDXC_D2_A REG5[13],,SD_D2_A REG8[3],,,,,,,,,,
PAD,GPIOX_3,0x2018 bit[3],0x2019 bit[3],0x201a bit[3],,,,,,,,,,,,,,,,,,,,,,,,,TCON_3 REG1[15],,,SDXC_D3_A REG5[13],,SD_D3_A REG8[2],,,,,,,,,,
PAD,GPIOX_4,0x2018 bit[4],0x2019 bit[4],0x201a bit[4],,,,,,,,,,,,,,,,,,,,,,,,,,,,TCON_4 REG1[16],,SDXC_D4_A REG5[12],,PCM_OUT REG3[30],,,FEC_FAIL_A REG7[21],,,,,
PAD,GPIOX_5,0x2018 bit[5],0x2019 bit[5],0x201a bit[5],,,,,,,,,,,,,,,,,,,,,,,,,,,,TCON_5 REG1[17],,SDXC_D5_A REG5[12],,PCM_IN REG3[29],,,FEC_D_VALID_A REG7[20],,,,,
PAD,GPIOX_6,0x2018 bit[6],0x2019 bit[6],0x201a bit[6],,,,,,,,,,,,,,,,,,,,,,,,,,,,TCON_6 REG1[18],,SDXC_D6_A REG5[12],,PCM_FS REG3[28],,,FEC_SOP_A REG7[19],,,,,
PAD,GPIOX_7,0x2018 bit[7],0x2019 bit[7],0x201a bit[7],,,,,,,,,,,,,,,,,,,,,,,,,,,,TCON_7 REG1[19],,SDXC_D7_A REG5[12],,PCM_CK REG3[27],,,FEC_CLK_A REG7[18],,,,,
PAD,GPIOX_8,0x2018 bit[8],0x2019 bit[8],0x201a bit[8],,,,,,,,,,,,,,,,,,,,,,,,,SDXC_CLK_A REG5[11],,,SD_CLK_A REG8[1],,,,,,,,,,,,
PAD,GPIOX_9,0x2018 bit[9],0x2019 bit[9],0x201a bit[9],,,,,,,,,,,,,,,,,,,,,,,,,SDXC_CMD_A REG5[10],,,SD_CMD_A REG8[0],,,,,,,,,,,,
PAD,GPIOX_10,0x2018 bit[10],0x2019 bit[10],0x201a bit[10],,,,,,,,,,,,,,,,,,,,,FEC_D0_A REG7[22],,,,,,,,,,,,,,,,,,,
PAD,GPIOX_11,0x2018 bit[11],0x2019 bit[11],0x201a bit[11],,,,,,,,,,,,,,,,,,,,,,,,,,,,,,,,,,,,,,,,
PAD,GPIOX_12,0x2018 bit[12],0x2019 bit[12],0x201a bit[12],,,,,,,,,,,,,,,,,,,,,,,,,,,,,,,,,,,,,,CLK_OUT3 REG3[21],,
PAD,BOOT_0,0x2015 bit[0],0x2016 bit[0],0x2017 bit[0],,,,,,,,,,,,,,,,,,,,,,,,,,,NAND_IO_0 REG2[26],SDXC_D0_C REG4[30],,,,,,,,SD_D0_C REG6[29],,,,
PAD,BOOT_1,0x2015 bit[1],0x2016 bit[1],0x2017 bit[1],,,,,,,,,,,,,,,,,,,,,,,,,,,NAND_IO_1 REG2[26],SDXC_D1_C REG4[29],,,,,,,,SD_D1_C REG6[28],,,,
PAD,BOOT_2,0x2015 bit[2],0x2016 bit[2],0x2017 bit[2],,,,,,,,,,,,,,,,,,,,,,,,,,,NAND_IO_2 REG2[26],SDXC_D2_C REG4[29],,,,,,,,SD_D2_C REG6[27],,,,
PAD,BOOT_3,0x2015 bit[3],0x2016 bit[3],0x2017 bit[3],,,,,,,,,,,,,,,,,,,,,,,,,,,NAND_IO_3 REG2[26],SDXC_D3_C REG4[29],,,,,,,,SD_D3_C REG6[26],,,,
PAD,BOOT_4,0x2015 bit[4],0x2016 bit[4],0x2017 bit[4],,,,,,,,,,,,,,,,,,,,,,,,,,,,NAND_IO_4 REG2[26],,,,,,,,SDXC_D4_C REG4[28],,,,
PAD,BOOT_5,0x2015 bit[5],0x2016 bit[5],0x2017 bit[5],,,,,,,,,,,,,,,,,,,,,,,,,,,,NAND_IO_5 REG2[26],,,,,,,,SDXC_D5_C REG4[28],,,,
PAD,BOOT_6,0x2015 bit[6],0x2016 bit[6],0x2017 bit[6],,,,,,,,,,,,,,,,,,,,,,,,,,,,NAND_IO_6 REG2[26],,,,,,,,SDXC_D6_C REG4[28],,,,
PAD,BOOT_7,0x2015 bit[7],0x2016 bit[7],0x2017 bit[7],,,,,,,,,,,,,,,,,,,,,,,,,,,,NAND_IO_7 REG2[26],,,,,,,,SDXC_D7_C REG4[28],,,,
PAD,BOOT_8,0x2015 bit[8],0x2016 bit[8],0x2017 bit[8],,,,,,,,,,,,,,,,,,,,,,,,,,,,,,,,,,,,NAND_CE0 REG2[25],,,,
PAD,BOOT_9,0x2015 bit[9],0x2016 bit[9],0x2017 bit[9],,,,,,,,,,,,,,,,,,,,,,,,,,,,,,,,,,,,NAND_CE1 REG2[24],,,,
PAD,BOOT_10,0x2015 bit[10],0x2016 bit[10],0x2017 bit[10],,,,,,,,,,,,,,,,,,,,,,,,,,,NAND_CE2 REG2[23],NAND_RB0 REG2[17],,,,,,,,SDXC_CMD_C REG4[27],SD_CMD_C REG6[25],,,
PAD,BOOT_11,0x2015 bit[11],0x2016 bit[11],0x2017 bit[11],,,,,,,,,,,,,,,,,,,,,,,,,,,NAND_CE3 REG2[22],NAND_RB1 REG2[16],,,,,,,,SDXC_CLK_C REG4[26],SD_CLK_C REG6[24],,,
PAD,BOOT_12,0x2015 bit[12],0x2016 bit[12],0x2017 bit[12],,,,,,,,,,,,,,,,,,,,,,,,,,,,,,,NAND_ALE REG2[21],,,,,SPI_NOR_D_A REG5[1],,,,
PAD,BOOT_13,0x2015 bit[13],0x2016 bit[13],0x2017 bit[13],,,,,,,,,,,,,,,,,,,,,,,,,,,,,,,NAND_CLE REG2[20],,,,,SPI_NOR_Q_A REG5[3],,,,
PAD,BOOT_14,0x2015 bit[14],0x2016 bit[14],0x2017 bit[14],,,,,,,,,,,,,,,,,,,,,,,,,,,,,,,NAND_WEn_CLK REG2[19],,,,,SPI_NOR_C_A REG5[2],,,,
PAD,BOOT_15,0x2015 bit[15],0x2016 bit[15],0x2017 bit[15],,,,,,,,,,,,,,,,,,,,,,,,,,,,,,,NAND_REn_WR REG2[18],,,,,,,,,
PAD,BOOT_16,0x2015 bit[16],0x2016 bit[16],0x2017 bit[16],,,,,,,,,,,,,,,,,,,,,,,,,,,,,,,,,,,,NAND_DQS REG2[27],,,,
PAD,BOOT_17,0x2015 bit[17],0x2016 bit[17],0x2017 bit[17],,,,,,,,,,,,,,,,,,,,,,,,,,,,,,,SPI_NOR_CS_N_A REG5[0],,PWM_C REG3[25],,PWM_VS REG7[29],,,,,
PAD,GPIOP_0,0x200f bit[24],0x2010 bit[24],0x2011 bit[24],,,,,,,,,,,,,,UART_TX_C REG4[3],TCON_CPH1 REG9[22] TCON_CPH2 REG9[21] TCON_CPH3 REG9[20],,,,,,,,,,,,,,,,,,,,,,,,,
PAD,GPIOP_1,0x200f bit[25],0x2010 bit[25],0x2011 bit[25],,,,,,,,,,,,,,UART_RX_C REG4[2],HDMITX_HPD REG1[22],,,,,,TCON_OEV1 REG9[23],,,,,,,,,,,,,,,,,,,
PAD,GPIOP_2,0x200f bit[26],0x2010 bit[26],0x2011 bit[26],,,,,,,,,,,,,,,,I2C_SDA_C REG4[17],HDMITX_SDA REG1[23],,I2C_SDA_SLAVE REG4[15],,TCON_CPV1 REG9[24],,,,,,,,,,,,,,,,,,,
PAD,GPIOP_3,0x200f bit[27],0x2010 bit[27],0x2011 bit[27],,,,,,,,,,,,,,,,I2C_SCK_C REG4[16],HDMITX_SCL REG1[24],,I2C_SCK_SLAVE REG4[14],,TCON_OEH REG9[25],,,,,,,,,,,,,,,,,,,
PAD,GPIOP_4,0x200f bit[28],0x2010 bit[28],0x2011 bit[28],,,,,,,,,,,,,,,,HDMITX_CEC REG1[25],TCON_STV1 REG9[26],,,,,,,,,,,,,,,,,,,,,,,
PAD,GPIOP_5,0x200f bit[29],0x2010 bit[29],0x2011 bit[29],,,,,,,,,,,,,,,,VGA_HS REG1[21],PWM_B REG2[1],,PWM_VS REG7[30],,TCON_STH1 REG9[27],,,,,,,,,,,,,,,,,,,
PAD,GPIOP_6,0x200f bit[30],0x2010 bit[30],0x2011 bit[30],,,,,,,,,,,,,,,,VGA_VS REG1[20],PWM_A REG2[0],,PWM_VS REG2[2],,TCON_VCOM REG9[28],,,,,,,,,,,,,,,,,,,
PAD,GPIOP_7,0x200f bit[31],0x2010 bit[31],0x2011 bit[31],,,,,,,,,,,,,,,,TCON_CLK0 REG9[29],,,,,,,,,,,,,,,,,,,,,,,,
PAD,CARD_0,0x201b bit[23],0x201c bit[23],0x201d bit[23],,,,,,,,,,,,,,,,,,,,,,,,,,SDXC_D0_B REG2[7],,SD_D0_B REG2[15],,,,,,,,,,,,
PAD,CARD_1,0x201d bit[24],0x201c bit[24],0x201d bit[24],,,,,,,,,,,,,,,,,,,,,,,,,,SDXC_D1_B REG2[6],,SD_D1_B REG2[14],,,,,,,,,,,,
PAD,CARD_2,0x201d bit[25],0x201c bit[25],0x201d bit[25],,,,,,,,,,,,,,,,,,,,,,,,,,SDXC_D2_B REG2[6],,SD_D2_B REG2[13],,,,,,,,,,,,
PAD,CARD_3,0x201d bit[26],0x201c bit[26],0x201d bit[26],,,,,,,,,,,,,,,,,,,,,,,,,,SDXC_D3_B REG2[6],,SD_D3_B REG2[12],,,,,,,,,,,,
PAD,CARD_4,0x201d bit[27],0x201c bit[27],0x201d bit[27],,,,,,,,,,,,,,,,,,,,,,,,,,HDMIRX_DTB_0 REG1[4],,SDXC_CLK_B REG2[5],,SD_CLK_B REG2[11],,,,,,,,,,
PAD,CARD_5,0x201d bit[28],0x201c bit[28],0x201d bit[28],,,,,,,,,,,,,,,,,,,,,,,,,,HDMIRX_DTB_1 REG1[5],,SDXC_CMD_B REG2[4],,SD_CMD_B REG2[10],,,,,,,,,,
PAD,CARD_6,0x201d bit[29],0x201c bit[29],0x201d bit[29],,,,,,,,,,,,,,,,,,,,,,,,,,HDMIRX_DTB_2 REG1[6],,,,,,,,,,,,,,
PAD,CARD_7,0x201d bit[30],0x201c bit[30],0x201d bit[30],,,,,,,,,,,,,,,,,,,,,,,,,,HDMIRX_DTB_3 REG1[7],,TVAFE_TBUS_30 REG6[23],,DEMOD_TBUS_30 REG8[11],,,,,,,,,,
PAD,CARD_8,0x201d bit[31],0x201c bit[31],0x201d bit[31],,,,,,,,,,,,,,,,,,,,,,,,,,TVAFE_TBUS_31 REG6[23],,DEMOD_TBUS_31 REG8[11],,,,,,,,,,,,
PAD,GPIOB_0,0x200f bit[0],0x2010 bit[0],0x2011 bit[0],,,,,,,,,,LCD_R0 REG0[1],,,,,,,,,FEC_D0_B REG3[10],,,,,,,,,,,,,,,,,,,,,
PAD,GPIOB_1,0x200f bit[1],0x2010 bit[1],0x2011 bit[1],,,,,,,,,,LCD_R1 REG0[0],,,,,,,,,FEC_D1_B REG3[11],,,,,,,,,,,,,,,,,,,,,
PAD,GPIOB_2,0x200f bit[2],0x2010 bit[2],0x2011 bit[2],,,,,,,,,,LCD_R2 REG0[0],,,,,,,,,FEC_D2_B REG3[11],,,,,,,,,,,,,,,,,,,,,
PAD,GPIOB_3,0x200f bit[3],0x2010 bit[3],0x2011 bit[3],,,,,,,,,,LCD_R3 REG0[0],,,,,,,,,FEC_D3_B REG3[11],,,,,,,,,,,,,,,,,,,,,SYS_PLL_DIV3 REG5[23]
PAD,GPIOB_4,0x200f bit[4],0x2010 bit[4],0x2011 bit[4],,,,,,,,,,LCD_R4 REG0[0],,,,,,,,,FEC_D4_B REG3[11],,,,,,,,,,,,,,,,,,,,,DDR_PLL_CLK REG5[22]
PAD,GPIOB_5,0x200f bit[5],0x2010 bit[5],0x2011 bit[5],,,,,,,,,,LCD_R5 REG0[0],,,,,,,,,FEC_D5_B REG3[11],,,,,,,,,,,,,,,,,,,,,ADC_PLL REG5[21]
PAD,GPIOB_6,0x200f bit[6],0x2010 bit[6],0x2011 bit[6],,,,,,,,,,LCD_R6 REG0[0],,,,,,,,,FEC_D6_B REG3[11],,,,,,,,,,,,,,,,,,,,,VID2_PLL_CLK REG5[20]
PAD,GPIOB_7,0x200f bit[7],0x2010 bit[7],0x2011 bit[7],,,,,,,,,,LCD_R7 REG0[0],,,,,,,,,FEC_D7_B REG3[11],,,,,,,,,,,,,,,,,,,,,MP0_CLK_OUT REG5[19]
PAD,GPIOB_8,0x200f bit[8],0x2010 bit[8],0x2011 bit[8],,,,,,,,,,LCD_G0 REG0[3],,,,,,,,,FEC_CLK_B REG3[9],,,,,,,,,,,,,,,,,,,,,MP1_CLK_OUT REG5[18]
PAD,GPIOB_9,0x200f bit[9],0x2010 bit[9],0x2011 bit[9],,,,,,,,,,LCD_G1 REG0[3],,,,,,,,,FEC_SOP_B REG3[8],,,,,,,,,,,,,,,,,,,,,MP2_CLK_OUT REG5[17]
PAD,GPIOB_10,0x200f bit[10],0x2010 bit[10],0x2011 bit[10],,,,,,,,,,LCD_G2 REG0[2],,,,,,,,,FEC_D_VALID_B REG3[7],,,,,,,,,,,,,,,,,,,,,FCLK_DIV5 REG5[16]
PAD,GPIOB_11,0x200f bit[11],0x2010 bit[11],0x2011 bit[11],,,,,,,,,,LCD_G3 REG0[2],,,,,,,,,FEC_FAIL_B REG3[6],,,,,,,,,,,,,,,,,,,,,HDMI_CH0_TMDS REG5[15]
PAD,GPIOB_12,0x200f bit[12],0x2010 bit[12],0x2011 bit[12],,,,,,,,,,,,LCD_G4 REG0[2],,,,,,,FEC_FAIL_OUT REG3[17],,,,,,,,,,,,,,,,,,HDMI_AUD_PLL REG5[5],,,
PAD,GPIOB_13,0x200f bit[13],0x2010 bit[13],0x2011 bit[13],,,,,,,,,,,,LCD_G5 REG0[2],,,,,,,FEC_D_VALID_OUT REG3[16],,,,,,,,,,,,,,,,,,,,,
PAD,GPIOB_14,0x200f bit[14],0x2010 bit[14],0x2011 bit[14],,,,,,,,,,,,LCD_G6 REG0[2],,,,,,,FEC_SOP_OUT REG3[15],,,,,,,,,,,,,,,,,,,,,
PAD,GPIOB_15,0x200f bit[15],0x2010 bit[15],0x2011 bit[15],,,,,,,,,,,,LCD_G7 REG0[2],,,,,,,FEC_CLK_OUT REG3[14],,,,,,,,,,,,,,,,,,,,,
PAD,GPIOB_16,0x200f bit[16],0x2010 bit[16],0x2011 bit[16],,,,,,,,,,,,LCD_B0 REG0[5],,,,,,,FEC_D0_OUT REG3[13],,,,,,,,,,,,,,,,,,,,,
PAD,GPIOB_17,0x200f bit[17],0x2010 bit[17],0x2011 bit[17],,,,,,,,,,,,LCD_B1 REG0[5],,,,,,,FEC_D1_OUT REG3[12],,,,,,,,,,,,,,,,,,,,,
PAD,GPIOB_18,0x200f bit[18],0x2010 bit[18],0x2011 bit[18],,,,,,,,,,,,LCD_B2 REG0[4],,,,,,,FEC_D2_OUT REG3[12],,,,,,,,,,,,,,,,,,,,,
PAD,GPIOB_19,0x200f bit[19],0x2010 bit[19],0x2011 bit[19],,,,,,,,,,,,LCD_B3 REG0[4],,,,,,,FEC_D3_OUT REG3[12],,,,,,,,,,,,,,,,,,,,,
PAD,GPIOB_20,0x200f bit[20],0x2010 bit[20],0x2011 bit[20],,,,,,,,,,,,LCD_B4 REG0[4],,,,,,,FEC_D4_OUT REG3[12],,,,,,,,,,,,,,,,,,,,,
PAD,GPIOB_21,0x200f bit[21],0x2010 bit[21],0x2011 bit[21],,,,,,,,,,,,LCD_B5 REG0[4],,,,,,,FEC_D5_OUT REG3[12],,,,,,,,,,,,,,,,,,,,,
PAD,GPIOB_22,0x200f bit[22],0x2010 bit[22],0x2011 bit[22],,,,,,,,,,,,LCD_B6 REG0[4],,,,,,,FEC_D6_OUT REG3[12],,,,,,,,,,,,,,,,,,,,,
PAD,GPIOB_23,0x200f bit[23],0x2010 bit[23],0x2011 bit[23],,,,,,,,,,,,LCD_B7 REG0[4],,,,,,,FEC_D7_OUT REG3[12],,,,,,,,,,,,,,,,,,,,,
PAD,GPIOA_0,0x200c bit[0],0x200d bit[0],0x200e bit[0],,,,,,,,,LCDIN_R0 REG0[6],,,,,,,,,,,FEC_D0_A REG3[4],,TVAFE_TBUS_0 REG6[20],,DEMOD_TBUS_0 REG8[11],,,,,,,,,,,,,,,,
PAD,GPIOA_1,0x200c bit[1],0x200d bit[1],0x200e bit[1],,,,,,,,,LCDIN_R1 REG0[6],,,,,,,,,,,FEC_D1_A REG3[5],,TVAFE_TBUS_1 REG6[20],,DEMOD_TBUS_1 REG8[11],,,,,,,,,,,,,,,,
PAD,GPIOA_2,0x200c bit[2],0x200d bit[2],0x200e bit[2],,,,,,,,,LCDIN_R2 REG0[6],,,,,,,,,,,FEC_D2_A REG3[5],,TVAFE_TBUS_2 REG6[20],,DEMOD_TBUS_2 REG8[11],,,,,,,,,,,,,,,,
PAD,GPIOA_3,0x200c bit[3],0x200d bit[3],0x200e bit[3],,,,,,,,,LCDIN_R3 REG0[6],,FEC_D3_A REG3[5],,,,,,,,,TVAFE_TBUS_3 REG6[20],,DEMOD_TBUS_3 REG8[11],,,,,,,,,,,,,,,,,,
PAD,GPIOA_4,0x200c bit[4],0x200d bit[4],0x200e bit[4],,,,,,,,,LCDIN_R4 REG0[6],,FEC_D4_A REG3[5],,,,,,,,,TVAFE_TBUS_4 REG6[20],,DEMOD_TBUS_4 REG8[11],,,,,,,,,,,,,,,,,,
PAD,GPIOA_5,0x200c bit[5],0x200d bit[5],0x200e bit[5],,,,,,,,,LCDIN_R5 REG0[6],,FEC_D5_A REG3[5],,,,,,,,,TVAFE_TBUS_5 REG6[20],,DEMOD_TBUS_5 REG8[11],,,,,,,,,,,,,,,,,,
PAD,GPIOA_6,0x200c bit[6],0x200d bit[6],0x200e bit[6],,,,,,,,,LCDIN_R6 REG0[6],,FEC_D6_A REG3[5],,,,,,,,,TVAFE_TBUS_6 REG6[20],,DEMOD_TBUS_6 REG8[11],,,,,,,,,,,,,,,,,,
PAD,GPIOA_7,0x200c bit[7],0x200d bit[7],0x200e bit[7],,,,,,,,,LCDIN_R7 REG0[6],,FEC_D7_A REG3[5],,,,,,,,,TVAFE_TBUS_7 REG6[20],,DEMOD_TBUS_7 REG8[11],,,,,,,,,,,,,,,,,,
PAD,GPIOA_8,0x200c bit[8],0x200d bit[8],0x200e bit[8],,,,,,,,,LCDIN_G0 REG0[6],,FEC_CLK_A REG3[0],,,,,,,,,TVAFE_TBUS_8 REG6[21],,DEMOD_TBUS_8 REG8[11],,,,,,,,,,,,,,,,,,
PAD,GPIOA_9,0x200c bit[9],0x200d bit[9],0x200e bit[9],,,,,,,,,LCDIN_G1 REG0[6],,FEC_SOP_A REG3[1],,,,,,,,,TVAFE_TBUS_9 REG6[21],,DEMOD_TBUS_9 REG8[11],,,,,,,,,,,,,,,,,,
PAD,GPIOA_10,0x200c bit[10],0x200d bit[10],0x200e bit[10],,,,,,,,,LCDIN_G2 REG0[6],,FEC_D_VALID_A REG3[2],,,,,,,,,TVAFE_TBUS_10 REG6[21],,DEMOD_TBUS_10 REG8[11],,,,,,,,,,,,,,,,,,
PAD,GPIOA_11,0x200c bit[11],0x200d bit[11],0x200e bit[11],,,,,,,,,LCDIN_G3 REG0[6],,FEC_FAIL_A REG3[3],,,,,,,,,TVAFE_TBUS_11 REG6[21],,DEMOD_TBUS_11 REG8[11],,,,,,,,,,,,,,,,,,
PAD,GPIOA_12,0x200c bit[12],0x200d bit[12],0x200e bit[12],,,,,,,,,,,LCDIN_G4 REG0[6],,ISO7816_RESET REG4[21],,STREAMIF_0 REG7[0],,,,,TVAFE_TBUS_12 REG6[21],,DEMOD_TBUS_12 REG8[11],,,,,,,,,,,,,,,,,,
PAD,GPIOA_13,0x200c bit[13],0x200d bit[13],0x200e bit[13],,,,,,,,,,,LCDIN_G5 REG0[6],,ISO7816_CMD REG4[20],,STREAMIF_1 REG7[1],,,,,TVAFE_TBUS_13 REG6[21],,DEMOD_TBUS_13 REG8[11],,,,,,,,,,,,,,,,,,
PAD,GPIOA_14,0x200c bit[14],0x200d bit[14],0x200e bit[14],,,,,,,,,,,LCDIN_G6 REG0[6],,ISO7816_DATA REG4[19],,STREAMIF_2 REG7[2],,,,,TVAFE_TBUS_14 REG6[21],,DEMOD_TBUS_14 REG8[11],,,,,,,,,,,,,,,,,,
PAD,GPIOA_15,0x200c bit[15],0x200d bit[15],0x200e bit[15],,,,,,,,,,,LCDIN_G7 REG0[6],,ISO7816_DET REG4[18],,STREAMIF_3 REG7[3],,TVAFE_TBUS_15 REG6[21],,,DEMOD_TBUS_15 REG8[11],,,,,,,,,,,,,,,,,,,,
PAD,GPIOA_16,0x200c bit[16],0x200d bit[16],0x200e bit[16],,,,,,,,,,,LCDIN_B0 REG0[6],,STREAMIF_4 REG7[4],,TVAFE_TBUS_16 REG6[22],,,,,DEMOD_TBUS_16 REG8[11],,,,,,,,,,,,,,,,,,,,
PAD,GPIOA_17,0x200c bit[17],0x200d bit[17],0x200e bit[17],,,,,,,,,,,LCDIN_B1 REG0[6],,STREAMIF_5 REG7[5],,TVAFE_TBUS_17 REG6[22],,,,,DEMOD_TBUS_17 REG8[11],,,,,,,,,,,,,,,,,,,,
PAD,GPIOA_18,0x200c bit[18],0x200d bit[18],0x200e bit[18],,,,,,,,,,,LCDIN_B2 REG0[6],,STREAMIF_6 REG7[6],,TVAFE_TBUS_18 REG6[22],,,,,DEMOD_TBUS_18 REG8[11],,,,,,,,,,,,,,,,,,,,
PAD,GPIOA_19,0x200c bit[19],0x200d bit[19],0x200e bit[19],,,,,,,,,,,LCDIN_B3 REG0[6],,STREAMIF_7 REG7[7],,TVAFE_TBUS_19 REG6[22],,,,,DEMOD_TBUS_19 REG8[11],,,,,,,,,,,,,,,,,,,,
PAD,GPIOA_20,0x200c bit[20],0x200d bit[20],0x200e bit[20],,,,,,,,,,,LCDIN_B4 REG0[6],,STREAMIF_8 REG7[8],,TVAFE_TBUS_20 REG6[22],,,,,DEMOD_TBUS_20 REG8[11],,,,,,,,,,,,,,,,,,,,
PAD,GPIOA_21,0x200c bit[21],0x200d bit[21],0x200e bit[21],,,,,,,,,,,LCDIN_B5 REG0[6],,STREAMIF_9 REG7[9],,TVAFE_TBUS_21 REG6[22],,,,,DEMOD_TBUS_21 REG8[11],,,,,,,,,,,,,,,,,,,,
PAD,GPIOA_22,0x200c bit[22],0x200d bit[22],0x200e bit[22],,,,,,,,,,,LCDIN_B6 REG0[6],,STREAMIF_10 REG7[10],,TVAFE_TBUS_22 REG6[22],,,,,DEMOD_TBUS_22 REG8[11],,,,,,,,,,,,,,,,,,,,
PAD,GPIOA_23,0x200c bit[23],0x200d bit[23],0x200e bit[23],,,,,,,,,,,LCDIN_B7 REG0[6],,STREAMIF_11 REG7[11],,TVAFE_TBUS_23 REG6[22],,,,,DEMOD_TBUS_23 REG8[11],,,,,,,,,,,,,,,,,,,,
PAD,GPIOA_24,0x200c bit[24],0x200d bit[24],0x200e bit[24],,,,,,,,,,,LCDIN_CLK REG0[7],,STREAMIF_12 REG7[12],,TVAFE_TBUS_24 REG6[23],,,,,DEMOD_TBUS_24 REG8[11],,,,,,,,,,,,,,,,,,,,
PAD,GPIOA_25,0x200c bit[25],0x200d bit[25],0x200e bit[25],,,,,,,,,,,LCDIN_HS REG0[8],,STREAMIF_13 REG7[13],,TVAFE_TBUS_25 REG6[23],,,,,DEMOD_TBUS_25 REG8[11],,,,,,,,,,,,,,,,,,,,
PAD,GPIOA_26,0x200c bit[26],0x200d bit[26],0x200e bit[26],,,,,,,,,,,LCDIN_VS REG0[9],,STREAMIF_14 REG7[14],,TVAFE_TBUS_26 REG6[23],,,,,DEMOD_TBUS_26 REG8[11],,,,,,,,,,,,,,,,,,,,
PAD,GPIOA_27,0x200c bit[27],0x200d bit[27],0x200e bit[27],,,,,,,,,,,LCDIN_DE REG0[10],,STREAMIF_15 REG7[15],,TVAFE_TBUS_27 REG6[23],,,,,DEMOD_TBUS_27 REG8[11],,,,,,,,,,,,,,,,,,,,
PAD,GPIOA_28,0x200c bit[28],0x200d bit[28],0x200e bit[28],,,,,,,,,,,ENET REG7[16],,TVAFE_TBUS_28 REG6[23],,DEMOD_TBUS_28 REG8[11],,,,,,,,,,,,,,,,,,,,,,,,,
PAD,GPIOA_29,0x200c bit[29],0x200d bit[29],0x200e bit[29],,,,,,,,,,,ENET REG7[17],,TVAFE_TBUS_29 REG6[23],,DEMOD_TBUS_29 REG8[11],,,,,,,,,,,,,,,,,,,,,,,,,
PAD,GPIOAO_0,0xc8100024 bit[0],0xc8100026 bit[0],0xc8100028 bit[0],,,UART_TX AO_REG[12],,,JTAG_TDO_ARC AO_REG[16],,,,,,,,,,,,,,,,,,,,,,,,,,,,,,,,,,
PAD,GPIOAO_1,0xc8100024 bit[1],0xc8100026 bit[1],0xc8100028 bit[1],,,UART_RX AO_REG[11],,,,,,,,,,,,,,,,,,,,,,,,,,,,,,,,,,,,,
PAD,GPIOAO_2,0xc8100024 bit[2],0xc8100026 bit[2],0xc8100028 bit[2],,,UART_CTS AO_REG[10],UART_TX_PMIC AO_REG[26],I2C_SCK AO_REG[8],,I2C_CLK_SLAVE AO_REG[4],,,,,,,,,,,,,,,,,,,,,,,,,,,,,,,,,
PAD,GPIOAO_3,0xc8100024 bit[3],0xc8100026 bit[3],0xc8100028 bit[3],,,UART_RTS AO_REG[9],UART_RX_PMIC AO_REG[25],I2C_SDA AO_REG[7],I2C_SDA_SLAVE AO_REG[3],,,,,,,,,,,,,,,,,,,,,,,,,,,,,,,,,,
PAD,GPIOAO_4,0xc8100024 bit[4],0xc8100026 bit[4],0xc8100028 bit[4],,,,UART_TX_PMIC AO_REG[24],I2C_SCK AO_REG[6],I2C_SCK_SLAVE AO_REG[2],,,,,,,,,,,,,,,,,,,,,,,,,,,,,,,,,,
PAD,GPIOAO_5,0xc8100024 bit[5],0xc8100026 bit[5],0xc8100028 bit[5],,,,UART_RX_PMIC AO_REG[23],I2C_SDA AO_REG[5],I2C_SDA_SLAVE AO_REG[1],,,,,,,,,,,,,,,,,,,,,,,,,,,,,,,,,,
PAD,GPIOAO_6,0xc8100024 bit[6],0xc8100026 bit[6],0xc8100028 bit[6],,,,WD_GPIO AO_REG[19],,HDMI_CEC AO_REG[14],,IR_BLASTER AO_REG[31],,CLK_OUT2 AO_REG[22],,,,,,,,,,,,,,,,,,,,,,,,,,,,,,
PAD,GPIOAO_7,0xc8100024 bit[7],0xc8100026 bit[7],0xc8100028 bit[7],,REMOTE AO_REG[0],,,,,,,,,,,,,,,,,,,,,,,,,,,,,,,,,,,,,,
PAD,GPIOAO_8,0xc8100024 bit[8],0xc8100026 bit[8],0xc8100028 bit[8],,UART_TX_PMIC AO_REG[30],,,,,,,,,,,,,,,,,,,,,,,,,,,,,,,,,,,,,,
PAD,GPIOAO_9,0xc8100024 bit[9],0xc8100026 bit[9],0xc8100028 bit[9],,UART_RX_PMIC AO_REG[29],,,,,,,,,,,,,,,,,,,,,,,,,,,,,,,,,,,,,,
PAD,GPIOAO_10,0xc8100024 bit[10],0xc8100026 bit[10],0xc8100028 bit[10],,UART_CTS_PMIC AO_REG[28],,HDMI_CEC AO_REG[17],,,,,,,,,,,,,,,,,,,,,,,,,,,,,,,,,,,,
PAD,GPIOAO_11,0xc8100024 bit[11],0xc8100026 bit[11],0xc8100028 bit[11],,UART_RTS_PMIC AO_REG[27],,CLK_OUT2 AO_REG[21],,,,,,,,,,,,,,,,,,,,,,,,,,,,,,,,,,,,

c8100028 bit[11],,UART_RTS_PMIC AO_REG[27],,CLK_OUT2 AO_REG[21],,,,,,,,,,,,,,,,,,,,,,,,,,,,,,,,,,,,

